{
  "total_count": 3957180,
  "anomaly_count": 116886,
  "normal_count": 3840294,
  "anomaly_ratio": 0.029537701090170274,
  "avg_ppy_normal": 1338.8840707661702,
  "avg_ppy_anomaly": 1969.1134591667765
}