{
  "sample_size": 5002839,
  "elapsed": 677.9,
  "best_epoch": 30,
  "metrics": {
    "MAE": 3055.49609375,
    "RMSE": 5514.944242691851,
    "R2": 0.9632167220115662
  },
  "train_losses": [
    0.134212,
    0.096157,
    0.085007,
    0.078345,
    0.075143,
    0.071717,
    0.069571,
    0.06743,
    0.066651,
    0.065774,
    0.064396,
    0.063564,
    0.062767,
    0.061732,
    0.061181,
    0.060758,
    0.059796,
    0.059632,
    0.058802,
    0.058449,
    0.058034,
    0.057505,
    0.057946,
    0.056839,
    0.056815,
    0.056604,
    0.055959,
    0.055828,
    0.055911,
    0.055191
  ],
  "val_losses": [
    0.08184,
    0.066398,
    0.059536,
    0.057517,
    0.059594,
    0.05627,
    0.049422,
    0.052605,
    0.051358,
    0.047467,
    0.044052,
    0.045348,
    0.046263,
    0.042546,
    0.041175,
    0.042953,
    0.046323,
    0.040771,
    0.040911,
    0.039304,
    0.042226,
    0.038932,
    0.039453,
    0.040204,
    0.039311,
    0.037141,
    0.038553,
    0.037314,
    0.039008,
    0.037007
  ],
  "config": {
    "hidden_layers": 4,
    "neurons": 256,
    "dropout": 0.2,
    "lr": 0.001,
    "batch_size": 1024,
    "use_bn": true
  }
}